Country Name,Country Code,Series Name,Series Code,2012 [YR2012],2013 [YR2013],2014 [YR2014],2015 [YR2015],2016 [YR2016],2017 [YR2017],2018 [YR2018],2019 [YR2019],2020 [YR2020],2021 [YR2021]
World,WLD,"Unemployment, total (% of total labor force) (modeled ILO estimate)",SL.UEM.TOTL.ZS,6.16018521815018,6.10728679764752,5.96545748139033,6.0059770628781,5.97765543990036,5.90657632896476,5.76845978834775,5.59856226082904,6.60920674389592,6.06455552633467
World,WLD,"Unemployment, youth total (% of total labor force ages 15-24) (modeled ILO estimate)",SL.UEM.1524.ZS,15.7049908363422,15.7157363465144,15.6312553306387,15.9791155933763,16.0548547633698,16.0888735492209,15.9045936802776,15.2636488323668,17.1190202464407,15.678368225493
Afghanistan,AFG,"Unemployment, total (% of total labor force) (modeled ILO estimate)",SL.UEM.TOTL.ZS,7.856,7.93,7.915,9.052,10.133,11.184,11.196,11.185,11.71,11.994
Afghanistan,AFG,"Unemployment, youth total (% of total labor force ages 15-24) (modeled ILO estimate)",SL.UEM.1524.ZS,10.054,10.112,10.094,12.55,14.947,17.31,16.394,15.496,16.053,16.395
Albania,ALB,"Unemployment, total (% of total labor force) (modeled ILO estimate)",SL.UEM.TOTL.ZS,13.376,15.866,18.055,17.193,15.418,13.616,12.304,11.466,11.69,11.474
Albania,ALB,"Unemployment, youth total (% of total labor force ages 15-24) (modeled ILO estimate)",SL.UEM.1524.ZS,28.871,31.207,39.554,39.628,35.918,31.184,28.109,26.942,28.117,27.244
Algeria,DZA,"Unemployment, total (% of total labor force) (modeled ILO estimate)",SL.UEM.TOTL.ZS,10.97,9.82,10.207,11.206,10.202,12,12.137,12.259,14.057,13.63
Algeria,DZA,"Unemployment, youth total (% of total labor force ages 15-24) (modeled ILO estimate)",SL.UEM.1524.ZS,27.872,25.459,25.664,30.376,26.227,30.292,30.745,31.119,35.748,33.843
American Samoa,ASM,"Unemployment, total (% of total labor force) (modeled ILO estimate)",SL.UEM.TOTL.ZS,..,..,..,..,..,..,..,..,..,..
American Samoa,ASM,"Unemployment, youth total (% of total labor force ages 15-24) (modeled ILO estimate)",SL.UEM.1524.ZS,..,..,..,..,..,..,..,..,..,..
Andorra,AND,"Unemployment, total (% of total labor force) (modeled ILO estimate)",SL.UEM.TOTL.ZS,..,..,..,..,..,..,..,..,..,..
Andorra,AND,"Unemployment, youth total (% of total labor force ages 15-24) (modeled ILO estimate)",SL.UEM.1524.ZS,..,..,..,..,..,..,..,..,..,..
Angola,AGO,"Unemployment, total (% of total labor force) (modeled ILO estimate)",SL.UEM.TOTL.ZS,16.562,16.492,16.406,16.49,16.575,16.61,16.594,16.497,16.69,15.799
Angola,AGO,"Unemployment, youth total (% of total labor force ages 15-24) (modeled ILO estimate)",SL.UEM.1524.ZS,37.741,36.781,35.803,35.151,34.482,33.71,32.838,31.832,33.067,30.171
Antigua and Barbuda,ATG,"Unemployment, total (% of total labor force) (modeled ILO estimate)",SL.UEM.TOTL.ZS,..,..,..,..,..,..,..,..,..,..
Antigua and Barbuda,ATG,"Unemployment, youth total (% of total labor force ages 15-24) (modeled ILO estimate)",SL.UEM.1524.ZS,..,..,..,..,..,..,..,..,..,..
Argentina,ARG,"Unemployment, total (% of total labor force) (modeled ILO estimate)",SL.UEM.TOTL.ZS,7.217,7.1,7.268,7.579,8.085,8.347,9.22,9.843,11.461,8.736
Argentina,ARG,"Unemployment, youth total (% of total labor force ages 15-24) (modeled ILO estimate)",SL.UEM.1524.ZS,18.34,19.555,19.137,20.27,21.793,22.843,23.845,25.842,30.428,23.373
Armenia,ARM,"Unemployment, total (% of total labor force) (modeled ILO estimate)",SL.UEM.TOTL.ZS,17.511,16.576,17.498,18.261,17.617,17.704,18.966,18.304,18.175,15.469
Armenia,ARM,"Unemployment, youth total (% of total labor force ages 15-24) (modeled ILO estimate)",SL.UEM.1524.ZS,34.345,35.096,36.411,31.871,35.656,37.721,33.631,32.526,32.205,30.532
Aruba,ABW,"Unemployment, total (% of total labor force) (modeled ILO estimate)",SL.UEM.TOTL.ZS,..,..,..,..,..,..,..,..,..,..
Aruba,ABW,"Unemployment, youth total (% of total labor force ages 15-24) (modeled ILO estimate)",SL.UEM.1524.ZS,..,..,..,..,..,..,..,..,..,..
Australia,AUS,"Unemployment, total (% of total labor force) (modeled ILO estimate)",SL.UEM.TOTL.ZS,5.225,5.663,6.078,6.055,5.711,5.592,5.3,5.159,6.456,5.116
Australia,AUS,"Unemployment, youth total (% of total labor force ages 15-24) (modeled ILO estimate)",SL.UEM.1524.ZS,11.728,12.22,13.311,13.11,12.642,12.592,11.787,11.756,14.219,11.248
Austria,AUT,"Unemployment, total (% of total labor force) (modeled ILO estimate)",SL.UEM.TOTL.ZS,4.909,5.367,5.674,5.802,6.064,5.561,4.933,4.56,5.201,6.459
Austria,AUT,"Unemployment, youth total (% of total labor force ages 15-24) (modeled ILO estimate)",SL.UEM.1524.ZS,9.561,9.767,10.508,10.91,11.424,9.971,9.572,8.767,10.325,12.023
Azerbaijan,AZE,"Unemployment, total (% of total labor force) (modeled ILO estimate)",SL.UEM.TOTL.ZS,5.19,4.97,4.91,4.96,5,5,4.9,5,7.24,6.04
Azerbaijan,AZE,"Unemployment, youth total (% of total labor force ages 15-24) (modeled ILO estimate)",SL.UEM.1524.ZS,13.974,13.478,13.415,13.363,12.908,12.37,11.623,11.474,15.129,14.691
"Bahamas, The",BHS,"Unemployment, total (% of total labor force) (modeled ILO estimate)",SL.UEM.TOTL.ZS,14.02,16.18,13.8,12,12.7,9.8,10,9.336,12.027,11.032
"Bahamas, The",BHS,"Unemployment, youth total (% of total labor force ages 15-24) (modeled ILO estimate)",SL.UEM.1524.ZS,30.716,34.897,29.326,25.109,26.159,21.58,24.235,19.503,24.284,22.019
Bahrain,BHR,"Unemployment, total (% of total labor force) (modeled ILO estimate)",SL.UEM.TOTL.ZS,1.2,1.182,1.141,1.16,1.192,1.194,1.2,1.223,1.781,1.541
Bahrain,BHR,"Unemployment, youth total (% of total labor force ages 15-24) (modeled ILO estimate)",SL.UEM.1524.ZS,5.425,5.439,5.402,5.427,5.53,5.607,5.64,5.654,6.365,6.034
Bangladesh,BGD,"Unemployment, total (% of total labor force) (modeled ILO estimate)",SL.UEM.TOTL.ZS,4.071,4.426,4.416,4.396,4.35,4.372,4.407,4.441,5.436,5.327
Bangladesh,BGD,"Unemployment, youth total (% of total labor force ages 15-24) (modeled ILO estimate)",SL.UEM.1524.ZS,8.538,9.674,10.121,10.56,10.956,12.101,11.829,11.594,13.29,12.441
Barbados,BRB,"Unemployment, total (% of total labor force) (modeled ILO estimate)",SL.UEM.TOTL.ZS,11.59,11.55,12.17,9.803,8.247,8.622,8.322,8.412,9.777,9.433
Barbados,BRB,"Unemployment, youth total (% of total labor force ages 15-24) (modeled ILO estimate)",SL.UEM.1524.ZS,28.832,29.111,33.056,28.856,26.183,26.205,24.233,25.783,29.974,28.121
Belarus,BLR,"Unemployment, total (% of total labor force) (modeled ILO estimate)",SL.UEM.TOTL.ZS,5.946,5.937,5.902,5.881,5.844,5.648,4.763,4.165,4.049,3.9
Belarus,BLR,"Unemployment, youth total (% of total labor force ages 15-24) (modeled ILO estimate)",SL.UEM.1524.ZS,10.836,10.837,10.805,10.78,10.729,9.347,10.651,10.207,12.045,10.492
Belgium,BEL,"Unemployment, total (% of total labor force) (modeled ILO estimate)",SL.UEM.TOTL.ZS,7.542,8.425,8.523,8.482,7.83,7.09,5.941,5.364,5.545,6.248
Belgium,BEL,"Unemployment, youth total (% of total labor force ages 15-24) (modeled ILO estimate)",SL.UEM.1524.ZS,19.738,23.689,23.225,22.125,20.108,19.236,15.748,14.236,15.326,18.206
Belize,BLZ,"Unemployment, total (% of total labor force) (modeled ILO estimate)",SL.UEM.TOTL.ZS,8.379,8.349,8.244,7.578,7,6.596,7.896,9.053,10.784,10.322
Belize,BLZ,"Unemployment, youth total (% of total labor force ages 15-24) (modeled ILO estimate)",SL.UEM.1524.ZS,16.916,16.904,18.271,16.48,16.547,15.686,17.928,19.934,23.566,22.044
Benin,BEN,"Unemployment, total (% of total labor force) (modeled ILO estimate)",SL.UEM.TOTL.ZS,2.406,2.099,1.872,1.82,1.784,1.659,1.41,1.214,1.502,1.779
Benin,BEN,"Unemployment, youth total (% of total labor force ages 15-24) (modeled ILO estimate)",SL.UEM.1524.ZS,4.987,4.458,4.008,3.75,3.495,3.152,2.702,2.302,2.973,3.231
Bermuda,BMU,"Unemployment, total (% of total labor force) (modeled ILO estimate)",SL.UEM.TOTL.ZS,..,..,..,..,..,..,..,..,..,..
Bermuda,BMU,"Unemployment, youth total (% of total labor force ages 15-24) (modeled ILO estimate)",SL.UEM.1524.ZS,..,..,..,..,..,..,..,..,..,..
Bhutan,BTN,"Unemployment, total (% of total labor force) (modeled ILO estimate)",SL.UEM.TOTL.ZS,2.05,2.87,2.63,2.45,2.705,3.016,3.35,2.72,5.03,4.803
Bhutan,BTN,"Unemployment, youth total (% of total labor force ages 15-24) (modeled ILO estimate)",SL.UEM.1524.ZS,6.982,9.389,9.023,10.115,11.608,13.325,15.199,11.56,21.989,20.609
Bolivia,BOL,"Unemployment, total (% of total labor force) (modeled ILO estimate)",SL.UEM.TOTL.ZS,2.066,2.437,2.021,3.111,3.498,3.655,3.519,3.682,7.903,5.089
Bolivia,BOL,"Unemployment, youth total (% of total labor force ages 15-24) (modeled ILO estimate)",SL.UEM.1524.ZS,3.361,5.392,4.774,6.852,6.772,6.654,6.78,6.927,15.231,8.199
Bosnia and Herzegovina,BIH,"Unemployment, total (% of total labor force) (modeled ILO estimate)",SL.UEM.TOTL.ZS,28.01,27.49,27.517,27.695,25.408,20.527,18.4,15.692,15.868,14.897
Bosnia and Herzegovina,BIH,"Unemployment, youth total (% of total labor force ages 15-24) (modeled ILO estimate)",SL.UEM.1524.ZS,64.327,60.35,63.982,64.762,55.954,47.651,40.362,35.106,37.676,35.705
Botswana,BWA,"Unemployment, total (% of total labor force) (modeled ILO estimate)",SL.UEM.TOTL.ZS,17.952,18.203,18.514,18.93,19.329,19.664,19.681,20.094,21.017,23.106
Botswana,BWA,"Unemployment, youth total (% of total labor force ages 15-24) (modeled ILO estimate)",SL.UEM.1524.ZS,34.712,34.661,34.648,34.766,34.853,34.862,34.426,34.588,40.389,43.355
Brazil,BRA,"Unemployment, total (% of total labor force) (modeled ILO estimate)",SL.UEM.TOTL.ZS,7.251,7.071,6.755,8.538,11.58,12.792,12.329,11.936,13.697,13.158
Brazil,BRA,"Unemployment, youth total (% of total labor force ages 15-24) (modeled ILO estimate)",SL.UEM.1524.ZS,15.854,15.7,15.496,19.493,26.596,28.594,27.958,27.098,30.267,28.311
British Virgin Islands,VGB,"Unemployment, total (% of total labor force) (modeled ILO estimate)",SL.UEM.TOTL.ZS,..,..,..,..,..,..,..,..,..,..
British Virgin Islands,VGB,"Unemployment, youth total (% of total labor force ages 15-24) (modeled ILO estimate)",SL.UEM.1524.ZS,..,..,..,..,..,..,..,..,..,..
Brunei Darussalam,BRN,"Unemployment, total (% of total labor force) (modeled ILO estimate)",SL.UEM.TOTL.ZS,6.482,6.655,6.862,7.726,8.574,9.316,8.7,6.6,7.409,4.905
Brunei Darussalam,BRN,"Unemployment, youth total (% of total labor force ages 15-24) (modeled ILO estimate)",SL.UEM.1524.ZS,22.37,23.2,24.092,25.939,27.712,29.255,30.809,20.141,26.844,16.238
Bulgaria,BGR,"Unemployment, total (% of total labor force) (modeled ILO estimate)",SL.UEM.TOTL.ZS,12.27,12.941,11.424,9.143,7.575,6.164,5.211,4.23,5.125,5.267
Bulgaria,BGR,"Unemployment, youth total (% of total labor force ages 15-24) (modeled ILO estimate)",SL.UEM.1524.ZS,28.11,28.374,23.774,21.653,17.224,12.927,12.676,8.898,14.214,15.823
Burkina Faso,BFA,"Unemployment, total (% of total labor force) (modeled ILO estimate)",SL.UEM.TOTL.ZS,3.856,4.055,4.251,4.461,4.587,4.656,4.695,4.71,5.04,5.2
Burkina Faso,BFA,"Unemployment, youth total (% of total labor force ages 15-24) (modeled ILO estimate)",SL.UEM.1524.ZS,6.307,6.643,6.975,7.335,7.604,7.811,7.991,7.999,8.905,8.645
Burundi,BDI,"Unemployment, total (% of total labor force) (modeled ILO estimate)",SL.UEM.TOTL.ZS,1.593,1.584,1.572,1.442,1.347,1.247,1.146,1.043,1.03,1.118
Burundi,BDI,"Unemployment, youth total (% of total labor force ages 15-24) (modeled ILO estimate)",SL.UEM.1524.ZS,2.541,2.712,2.927,2.671,2.449,2.218,1.986,1.746,1.69,1.767
Cabo Verde,CPV,"Unemployment, total (% of total labor force) (modeled ILO estimate)",SL.UEM.TOTL.ZS,11.142,11.392,11.674,11.907,12.077,12.24,12.17,12.128,14.69,13.976
Cabo Verde,CPV,"Unemployment, youth total (% of total labor force ages 15-24) (modeled ILO estimate)",SL.UEM.1524.ZS,23.857,25.297,26.906,28.54,30.167,31.887,27.575,28.116,34.625,31.806
Cambodia,KHM,"Unemployment, total (% of total labor force) (modeled ILO estimate)",SL.UEM.TOTL.ZS,0.496,0.438,0.692,0.393,0.716,0.141,0.13,0.119,0.172,0.396
Cambodia,KHM,"Unemployment, youth total (% of total labor force ages 15-24) (modeled ILO estimate)",SL.UEM.1524.ZS,0.682,0.757,1.056,0.744,1.137,0.382,0.379,0.375,0.474,0.83
Cameroon,CMR,"Unemployment, total (% of total labor force) (modeled ILO estimate)",SL.UEM.TOTL.ZS,3.835,3.685,3.534,3.518,3.528,3.568,3.601,3.622,3.87,3.973
Cameroon,CMR,"Unemployment, youth total (% of total labor force ages 15-24) (modeled ILO estimate)",SL.UEM.1524.ZS,6.272,6.235,6.198,6.233,6.299,6.401,6.493,6.572,7.384,7.237
Canada,CAN,"Unemployment, total (% of total labor force) (modeled ILO estimate)",SL.UEM.TOTL.ZS,7.392,7.143,7.023,6.945,7.038,6.426,5.837,5.69,9.657,7.527
Canada,CAN,"Unemployment, youth total (% of total labor force ages 15-24) (modeled ILO estimate)",SL.UEM.1524.ZS,14.036,13.243,13.203,12.759,12.597,11.236,10.709,10.744,20.125,13.557
Cayman Islands,CYM,"Unemployment, total (% of total labor force) (modeled ILO estimate)",SL.UEM.TOTL.ZS,..,..,..,..,..,..,..,..,..,..
Cayman Islands,CYM,"Unemployment, youth total (% of total labor force ages 15-24) (modeled ILO estimate)",SL.UEM.1524.ZS,..,..,..,..,..,..,..,..,..,..
Central African Republic,CAF,"Unemployment, total (% of total labor force) (modeled ILO estimate)",SL.UEM.TOTL.ZS,5.243,5.243,5.326,5.477,5.491,5.534,5.517,5.607,6.196,6.375
Central African Republic,CAF,"Unemployment, youth total (% of total labor force ages 15-24) (modeled ILO estimate)",SL.UEM.1524.ZS,9.496,9.355,9.307,9.402,9.333,9.309,9.152,9.212,10.434,10.422
Chad,TCD,"Unemployment, total (% of total labor force) (modeled ILO estimate)",SL.UEM.TOTL.ZS,0.9,0.948,0.933,0.974,1.047,1.116,1.135,1.084,1.707,1.548
Chad,TCD,"Unemployment, youth total (% of total labor force ages 15-24) (modeled ILO estimate)",SL.UEM.1524.ZS,1.323,1.362,1.367,1.403,1.449,1.489,1.512,1.496,1.9,2.02
Channel Islands,CHI,"Unemployment, total (% of total labor force) (modeled ILO estimate)",SL.UEM.TOTL.ZS,8.264,8.82,8.571,8.178,7.715,7.12,6.571,6.408,6.863,6.875
Channel Islands,CHI,"Unemployment, youth total (% of total labor force ages 15-24) (modeled ILO estimate)",SL.UEM.1524.ZS,20.646,21.812,20.962,19.296,18.006,16.207,14.391,14.109,16.263,16.057
Chile,CHL,"Unemployment, total (% of total labor force) (modeled ILO estimate)",SL.UEM.TOTL.ZS,6.562,6.074,6.483,6.313,6.673,7.257,7.623,7.493,10.934,9.281
Chile,CHL,"Unemployment, youth total (% of total labor force ages 15-24) (modeled ILO estimate)",SL.UEM.1524.ZS,16.484,16.127,16.467,15.282,15.473,17.732,18.138,18.953,24.377,20.477
China,CHN,"Unemployment, total (% of total labor force) (modeled ILO estimate)",SL.UEM.TOTL.ZS,4.58,4.6,4.63,4.65,4.56,4.47,4.31,4.56,5,4.55
China,CHN,"Unemployment, youth total (% of total labor force ages 15-24) (modeled ILO estimate)",SL.UEM.1524.ZS,10.161,10.327,10.521,10.697,10.593,10.452,9.694,10.706,12.678,12.422
Colombia,COL,"Unemployment, total (% of total labor force) (modeled ILO estimate)",SL.UEM.TOTL.ZS,9.959,9.246,8.799,8.572,8.922,9.086,9.36,10.28,15.983,13.898
Colombia,COL,"Unemployment, youth total (% of total labor force ages 15-24) (modeled ILO estimate)",SL.UEM.1524.ZS,20.086,18.729,18.245,17.316,18.274,18.467,19.45,20.658,27.248,24.757
Comoros,COM,"Unemployment, total (% of total labor force) (modeled ILO estimate)",SL.UEM.TOTL.ZS,4.17,4.118,4.119,4.121,4.104,4.03,3.942,3.934,4.471,4.394
Comoros,COM,"Unemployment, youth total (% of total labor force ages 15-24) (modeled ILO estimate)",SL.UEM.1524.ZS,9.515,9.487,9.555,9.517,9.454,9.299,9.118,9.064,10.469,9.757
"Congo, Dem. Rep.",COD,"Unemployment, total (% of total labor force) (modeled ILO estimate)",SL.UEM.TOTL.ZS,4.485,4.468,4.436,4.439,4.521,4.601,4.618,4.591,5.345,5.28
"Congo, Dem. Rep.",COD,"Unemployment, youth total (% of total labor force ages 15-24) (modeled ILO estimate)",SL.UEM.1524.ZS,8.456,8.432,8.388,8.389,8.496,8.602,8.622,8.586,9.617,9.623
"Congo, Rep.",COG,"Unemployment, total (% of total labor force) (modeled ILO estimate)",SL.UEM.TOTL.ZS,19.512,19.827,19.691,19.978,20.223,20.611,20.701,20.392,22.198,21.96
"Congo, Rep.",COG,"Unemployment, youth total (% of total labor force ages 15-24) (modeled ILO estimate)",SL.UEM.1524.ZS,40.337,40.883,40.628,41.133,41.565,42.248,42.403,41.859,46.326,44.597
Costa Rica,CRI,"Unemployment, total (% of total labor force) (modeled ILO estimate)",SL.UEM.TOTL.ZS,9.11,8.218,8.499,8.415,8.085,7.729,9.01,10.807,16.432,15.139
Costa Rica,CRI,"Unemployment, youth total (% of total labor force ages 15-24) (modeled ILO estimate)",SL.UEM.1524.ZS,22.372,21.559,24.23,22.363,21.65,20.736,25.071,31.194,40.108,39.2
Cote d'Ivoire,CIV,"Unemployment, total (% of total labor force) (modeled ILO estimate)",SL.UEM.TOTL.ZS,7.223,4.255,3.285,2.579,1.896,3.272,2.85,2.401,2.584,2.63
Cote d'Ivoire,CIV,"Unemployment, youth total (% of total labor force ages 15-24) (modeled ILO estimate)",SL.UEM.1524.ZS,9.891,6.27,4.712,3.382,2.04,5.257,4.665,4.043,4.698,4.763
Croatia,HRV,"Unemployment, total (% of total labor force) (modeled ILO estimate)",SL.UEM.TOTL.ZS,15.935,17.251,17.29,16.175,13.103,11.208,8.432,6.617,7.507,7.608
Croatia,HRV,"Unemployment, youth total (% of total labor force ages 15-24) (modeled ILO estimate)",SL.UEM.1524.ZS,42.118,50.087,45.601,42.455,31.408,27.517,23.897,16.729,21.222,21.996
Cuba,CUB,"Unemployment, total (% of total labor force) (modeled ILO estimate)",SL.UEM.TOTL.ZS,3.46,3.29,2.7,2.4,2,1.7,1.7,1.705,2.24,2.116
Cuba,CUB,"Unemployment, youth total (% of total labor force ages 15-24) (modeled ILO estimate)",SL.UEM.1524.ZS,8.448,8.073,6.599,5.97,4.968,4.295,4.241,4.254,5.204,4.942
Curacao,CUW,"Unemployment, total (% of total labor force) (modeled ILO estimate)",SL.UEM.TOTL.ZS,..,..,..,..,..,..,..,..,..,..
Curacao,CUW,"Unemployment, youth total (% of total labor force ages 15-24) (modeled ILO estimate)",SL.UEM.1524.ZS,..,..,..,..,..,..,..,..,..,..
Cyprus,CYP,"Unemployment, total (% of total labor force) (modeled ILO estimate)",SL.UEM.TOTL.ZS,12.097,16.131,16.277,15.026,13.006,11.155,8.504,7.155,7.755,7.513
Cyprus,CYP,"Unemployment, youth total (% of total labor force ages 15-24) (modeled ILO estimate)",SL.UEM.1524.ZS,27.244,38.083,35.516,32.539,28.902,25.013,20.654,16.856,18.491,17.173
Czechia,CZE,"Unemployment, total (% of total labor force) (modeled ILO estimate)",SL.UEM.TOTL.ZS,6.979,6.953,6.108,5.048,3.952,2.893,2.246,2.015,2.55,2.803
Czechia,CZE,"Unemployment, youth total (% of total labor force ages 15-24) (modeled ILO estimate)",SL.UEM.1524.ZS,19.508,18.958,15.841,12.582,10.488,7.936,6.714,5.615,7.936,8.134
Denmark,DNK,"Unemployment, total (% of total labor force) (modeled ILO estimate)",SL.UEM.TOTL.ZS,7.798,7.384,6.925,6.278,5.989,5.833,5.131,5.018,5.637,5.043
Denmark,DNK,"Unemployment, youth total (% of total labor force ages 15-24) (modeled ILO estimate)",SL.UEM.1524.ZS,15.775,14.774,14.196,12.152,12.147,12.384,10.52,10.041,11.588,10.808
Djibouti,DJI,"Unemployment, total (% of total labor force) (modeled ILO estimate)",SL.UEM.TOTL.ZS,26.187,26.157,26.173,26.07,25.992,26.064,26.184,26.256,27.713,27.668
Djibouti,DJI,"Unemployment, youth total (% of total labor force ages 15-24) (modeled ILO estimate)",SL.UEM.1524.ZS,70.793,71.357,72.059,72.503,73.032,73.951,74.996,75.918,82.409,79.681
Dominica,DMA,"Unemployment, total (% of total labor force) (modeled ILO estimate)",SL.UEM.TOTL.ZS,..,..,..,..,..,..,..,..,..,..
Dominica,DMA,"Unemployment, youth total (% of total labor force ages 15-24) (modeled ILO estimate)",SL.UEM.1524.ZS,..,..,..,..,..,..,..,..,..,..
Dominican Republic,DOM,"Unemployment, total (% of total labor force) (modeled ILO estimate)",SL.UEM.TOTL.ZS,6.722,7.351,6.719,7.605,7.284,5.832,5.861,6.356,6.126,7.702
Dominican Republic,DOM,"Unemployment, youth total (% of total labor force ages 15-24) (modeled ILO estimate)",SL.UEM.1524.ZS,14.82,17.392,13.343,16.426,16.738,13.441,14.847,15.835,14.766,16.874
Ecuador,ECU,"Unemployment, total (% of total labor force) (modeled ILO estimate)",SL.UEM.TOTL.ZS,3.235,3.083,3.48,3.616,4.597,3.836,3.53,3.812,6.127,4.552
Ecuador,ECU,"Unemployment, youth total (% of total labor force ages 15-24) (modeled ILO estimate)",SL.UEM.1524.ZS,8.538,8.332,9.031,8.824,10.349,8.465,7.956,8.733,11.079,9.225
"Egypt, Arab Rep.",EGY,"Unemployment, total (% of total labor force) (modeled ILO estimate)",SL.UEM.TOTL.ZS,12.597,13.154,13.105,13.052,12.45,11.767,9.855,7.851,7.974,7.441
"Egypt, Arab Rep.",EGY,"Unemployment, youth total (% of total labor force ages 15-24) (modeled ILO estimate)",SL.UEM.1524.ZS,34.44,34.119,32.198,34.16,33.655,32.644,26.252,20.631,18.463,18.21
El Salvador,SLV,"Unemployment, total (% of total labor force) (modeled ILO estimate)",SL.UEM.TOTL.ZS,3.843,3.693,4.154,3.998,4.418,4.385,4.006,4.17,5.008,4.327
El Salvador,SLV,"Unemployment, youth total (% of total labor force ages 15-24) (modeled ILO estimate)",SL.UEM.1524.ZS,8.435,8.512,9.597,8.661,9.499,9.747,9.278,9.6,11.069,9.804
Equatorial Guinea,GNQ,"Unemployment, total (% of total labor force) (modeled ILO estimate)",SL.UEM.TOTL.ZS,7.957,7.86,7.845,7.95,7.962,8.004,7.967,8.064,8.781,8.976
Equatorial Guinea,GNQ,"Unemployment, youth total (% of total labor force ages 15-24) (modeled ILO estimate)",SL.UEM.1524.ZS,15.753,15.574,15.516,15.692,15.644,15.64,15.361,15.429,17.665,17.237
Eritrea,ERI,"Unemployment, total (% of total labor force) (modeled ILO estimate)",SL.UEM.TOTL.ZS,5.501,5.423,5.43,5.541,5.554,5.577,5.511,5.552,6.088,6.177
Eritrea,ERI,"Unemployment, youth total (% of total labor force ages 15-24) (modeled ILO estimate)",SL.UEM.1524.ZS,9.851,9.687,9.623,9.758,9.707,9.685,9.469,9.489,10.732,10.589
Estonia,EST,"Unemployment, total (% of total labor force) (modeled ILO estimate)",SL.UEM.TOTL.ZS,10.021,8.631,7.352,6.412,6.882,5.807,5.412,4.514,6.956,6.178
Estonia,EST,"Unemployment, youth total (% of total labor force ages 15-24) (modeled ILO estimate)",SL.UEM.1524.ZS,20.862,18.704,14.975,14.342,14.125,12.175,12.076,11.623,18.417,16.622
Eswatini,SWZ,"Unemployment, total (% of total labor force) (modeled ILO estimate)",SL.UEM.TOTL.ZS,25.128,24.448,23.828,23.285,22.718,24.523,26.369,28.138,32.944,34.153
Eswatini,SWZ,"Unemployment, youth total (% of total labor force ages 15-24) (modeled ILO estimate)",SL.UEM.1524.ZS,51.509,50.267,49.125,48.094,46.973,48.346,49.787,51.101,58.728,56.831
Ethiopia,ETH,"Unemployment, total (% of total labor force) (modeled ILO estimate)",SL.UEM.TOTL.ZS,2.255,2.251,2.359,2.443,2.554,2.662,2.802,2.917,3.994,3.935
Ethiopia,ETH,"Unemployment, youth total (% of total labor force ages 15-24) (modeled ILO estimate)",SL.UEM.1524.ZS,3.417,3.429,3.631,3.811,4.025,4.241,4.497,4.729,6.359,6.246
Faroe Islands,FRO,"Unemployment, total (% of total labor force) (modeled ILO estimate)",SL.UEM.TOTL.ZS,..,..,..,..,..,..,..,..,..,..
Faroe Islands,FRO,"Unemployment, youth total (% of total labor force ages 15-24) (modeled ILO estimate)",SL.UEM.1524.ZS,..,..,..,..,..,..,..,..,..,..
Fiji,FJI,"Unemployment, total (% of total labor force) (modeled ILO estimate)",SL.UEM.TOTL.ZS,4.375,4.357,4.325,4.291,4.319,4.324,4.335,4.373,4.649,4.701
Fiji,FJI,"Unemployment, youth total (% of total labor force ages 15-24) (modeled ILO estimate)",SL.UEM.1524.ZS,13.936,14.205,14.439,14.638,14.992,15.241,15.46,15.647,17.142,16.832
Finland,FIN,"Unemployment, total (% of total labor force) (modeled ILO estimate)",SL.UEM.TOTL.ZS,7.689,8.193,8.663,9.376,8.818,8.64,7.361,6.695,7.759,7.617
Finland,FIN,"Unemployment, youth total (% of total labor force ages 15-24) (modeled ILO estimate)",SL.UEM.1524.ZS,18.868,19.817,20.454,22.304,20.057,20.041,16.958,17.128,21.193,17.058
France,FRA,"Unemployment, total (% of total labor force) (modeled ILO estimate)",SL.UEM.TOTL.ZS,9.841,9.913,10.273,10.354,10.057,9.409,9.018,8.415,8.009,7.874
France,FRA,"Unemployment, youth total (% of total labor force ages 15-24) (modeled ILO estimate)",SL.UEM.1524.ZS,24.949,24.363,24.828,25.262,24.938,22.572,20.953,19.929,20.398,19.283
French Polynesia,PYF,"Unemployment, total (% of total labor force) (modeled ILO estimate)",SL.UEM.TOTL.ZS,12.143,12.029,11.889,11.789,11.715,11.573,11.572,11.565,12.951,12.531
French Polynesia,PYF,"Unemployment, youth total (% of total labor force ages 15-24) (modeled ILO estimate)",SL.UEM.1524.ZS,35.372,35.443,35.449,35.564,35.727,35.757,36.04,36.291,41.36,38.756
Gabon,GAB,"Unemployment, total (% of total labor force) (modeled ILO estimate)",SL.UEM.TOTL.ZS,19.728,19.794,19.916,19.978,20.134,20.303,20.439,20.358,21.27,21.218
Gabon,GAB,"Unemployment, youth total (% of total labor force ages 15-24) (modeled ILO estimate)",SL.UEM.1524.ZS,35.213,35.428,35.72,35.907,36.215,36.527,36.775,36.691,39.777,38.295
"Gambia, The",GMB,"Unemployment, total (% of total labor force) (modeled ILO estimate)",SL.UEM.TOTL.ZS,10.346,9.454,8.218,7.26,6.285,5.157,4.127,4.538,5.892,6.269
"Gambia, The",GMB,"Unemployment, youth total (% of total labor force ages 15-24) (modeled ILO estimate)",SL.UEM.1524.ZS,14.882,13.763,12.26,11.079,9.881,8.504,7.258,7.913,10.283,10.588
Georgia,GEO,"Unemployment, total (% of total labor force) (modeled ILO estimate)",SL.UEM.TOTL.ZS,19.653,19.416,17.439,16.506,16.604,13.939,12.667,11.565,11.73,11.791
Georgia,GEO,"Unemployment, youth total (% of total labor force ages 15-24) (modeled ILO estimate)",SL.UEM.1524.ZS,38.1,41.069,38.014,36.483,35.733,29.041,29.691,30.059,30.852,30.705
Germany,DEU,"Unemployment, total (% of total labor force) (modeled ILO estimate)",SL.UEM.TOTL.ZS,5.372,5.316,4.979,4.612,4.104,3.781,3.384,3.163,3.881,3.594
Germany,DEU,"Unemployment, youth total (% of total labor force ages 15-24) (modeled ILO estimate)",SL.UEM.1524.ZS,8.119,7.825,7.612,7.328,7.079,6.77,6.22,5.859,7.862,6.665
Ghana,GHA,"Unemployment, total (% of total labor force) (modeled ILO estimate)",SL.UEM.TOTL.ZS,3.141,2.173,4.415,6.806,5.232,3.369,3.253,3.16,3.313,3.384
Ghana,GHA,"Unemployment, youth total (% of total labor force ages 15-24) (modeled ILO estimate)",SL.UEM.1524.ZS,6.738,4.762,9.364,14.238,10.526,6.32,6.099,5.907,6.399,6.117
Gibraltar,GIB,"Unemployment, total (% of total labor force) (modeled ILO estimate)",SL.UEM.TOTL.ZS,..,..,..,..,..,..,..,..,..,..
Gibraltar,GIB,"Unemployment, youth total (% of total labor force ages 15-24) (modeled ILO estimate)",SL.UEM.1524.ZS,..,..,..,..,..,..,..,..,..,..
Greece,GRC,"Unemployment, total (% of total labor force) (modeled ILO estimate)",SL.UEM.TOTL.ZS,24.731,27.686,26.708,24.981,23.514,21.413,19.179,17.045,15.899,14.656
Greece,GRC,"Unemployment, youth total (% of total labor force ages 15-24) (modeled ILO estimate)",SL.UEM.1524.ZS,55.656,58.491,52.645,49.731,47.223,43.392,40.011,34.754,33.74,35.39
Greenland,GRL,"Unemployment, total (% of total labor force) (modeled ILO estimate)",SL.UEM.TOTL.ZS,..,..,..,..,..,..,..,..,..,..
Greenland,GRL,"Unemployment, youth total (% of total labor force ages 15-24) (modeled ILO estimate)",SL.UEM.1524.ZS,..,..,..,..,..,..,..,..,..,..
Grenada,GRD,"Unemployment, total (% of total labor force) (modeled ILO estimate)",SL.UEM.TOTL.ZS,..,..,..,..,..,..,..,..,..,..
Grenada,GRD,"Unemployment, youth total (% of total labor force ages 15-24) (modeled ILO estimate)",SL.UEM.1524.ZS,..,..,..,..,..,..,..,..,..,..
Guam,GUM,"Unemployment, total (% of total labor force) (modeled ILO estimate)",SL.UEM.TOTL.ZS,12.2,11.5,7.6,6.9,5.4,5.418,5.449,5.401,6.248,5.991
Guam,GUM,"Unemployment, youth total (% of total labor force ages 15-24) (modeled ILO estimate)",SL.UEM.1524.ZS,28.605,27.055,17.99,16.393,12.876,12.983,13.104,13.105,15.446,14.374
Guatemala,GTM,"Unemployment, total (% of total labor force) (modeled ILO estimate)",SL.UEM.TOTL.ZS,2.765,3.017,2.717,2.506,2.583,2.462,2.283,2.193,2.955,2.174
Guatemala,GTM,"Unemployment, youth total (% of total labor force ages 15-24) (modeled ILO estimate)",SL.UEM.1524.ZS,4.618,5.512,5.691,5.581,5.582,4.939,4.679,4.461,5.166,3.785
Guinea,GIN,"Unemployment, total (% of total labor force) (modeled ILO estimate)",SL.UEM.TOTL.ZS,4.884,4.967,5.09,5.224,5.013,4.826,4.787,5.018,6.018,5.827
Guinea,GIN,"Unemployment, youth total (% of total labor force ages 15-24) (modeled ILO estimate)",SL.UEM.1524.ZS,6.428,6.559,6.727,6.906,6.784,6.677,6.705,6.988,8.461,7.989
Guinea-Bissau,GNB,"Unemployment, total (% of total labor force) (modeled ILO estimate)",SL.UEM.TOTL.ZS,3.143,3.162,3.254,3.157,3.123,3.066,3.127,2.413,2.89,3.031
Guinea-Bissau,GNB,"Unemployment, youth total (% of total labor force ages 15-24) (modeled ILO estimate)",SL.UEM.1524.ZS,3.854,3.871,3.94,3.875,3.855,3.818,3.868,2.051,2.764,2.995
Guyana,GUY,"Unemployment, total (% of total labor force) (modeled ILO estimate)",SL.UEM.TOTL.ZS,12.038,12.303,12.639,13.004,13.257,13.462,13.627,13.172,15.334,14.557
Guyana,GUY,"Unemployment, youth total (% of total labor force ages 15-24) (modeled ILO estimate)",SL.UEM.1524.ZS,22.99,23.291,23.72,24.227,24.616,24.977,25.283,26.304,30.857,28.991
Haiti,HTI,"Unemployment, total (% of total labor force) (modeled ILO estimate)",SL.UEM.TOTL.ZS,14.1,13.642,13.755,13.724,13.852,13.881,13.878,14.057,15.546,15.28
Haiti,HTI,"Unemployment, youth total (% of total labor force ages 15-24) (modeled ILO estimate)",SL.UEM.1524.ZS,34.304,33.644,34.012,34.082,34.46,34.674,34.808,35.183,39.687,37.942
Honduras,HND,"Unemployment, total (% of total labor force) (modeled ILO estimate)",SL.UEM.TOTL.ZS,3.755,5.646,7.078,6.147,6.727,5.528,5.648,5.698,10.982,8.506
Honduras,HND,"Unemployment, youth total (% of total labor force ages 15-24) (modeled ILO estimate)",SL.UEM.1524.ZS,6.972,9.823,11.865,11.042,12.58,10.746,10.489,10.761,17.087,14.321
"Hong Kong SAR, China",HKG,"Unemployment, total (% of total labor force) (modeled ILO estimate)",SL.UEM.TOTL.ZS,3.285,3.4,3.296,3.314,3.392,3.124,2.805,2.917,5.808,5.174
"Hong Kong SAR, China",HKG,"Unemployment, youth total (% of total labor force ages 15-24) (modeled ILO estimate)",SL.UEM.1524.ZS,9.229,9.444,9.202,10.424,9.728,8.531,8.731,8.527,15.533,12.79
Hungary,HUN,"Unemployment, total (% of total labor force) (modeled ILO estimate)",SL.UEM.TOTL.ZS,11.003,10.177,7.725,6.813,5.115,4.156,3.708,3.419,4.25,4.045
Hungary,HUN,"Unemployment, youth total (% of total labor force ages 15-24) (modeled ILO estimate)",SL.UEM.1524.ZS,28.185,26.546,20.378,17.272,12.922,10.698,10.149,11.4,12.757,13.459
Iceland,ISL,"Unemployment, total (% of total labor force) (modeled ILO estimate)",SL.UEM.TOTL.ZS,6,5.376,4.897,3.979,2.978,2.742,2.704,3.507,5.478,6.029
Iceland,ISL,"Unemployment, youth total (% of total labor force ages 15-24) (modeled ILO estimate)",SL.UEM.1524.ZS,13.195,10.411,9.562,8.573,6.314,7.54,5.9,8.445,9.871,11.831
India,IND,"Unemployment, total (% of total labor force) (modeled ILO estimate)",SL.UEM.TOTL.ZS,7.666,7.711,7.674,7.631,7.601,7.618,7.652,6.51,7.859,6.38
India,IND,"Unemployment, youth total (% of total labor force ages 15-24) (modeled ILO estimate)",SL.UEM.1524.ZS,24.184,24.548,24.749,24.959,25.2,25.568,26.001,22.947,24.666,20.824
Indonesia,IDN,"Unemployment, total (% of total labor force) (modeled ILO estimate)",SL.UEM.TOTL.ZS,4.468,4.336,4.049,4.514,4.301,3.783,4.387,3.59,4.255,3.827
Indonesia,IDN,"Unemployment, youth total (% of total labor force ages 15-24) (modeled ILO estimate)",SL.UEM.1524.ZS,15.672,15.977,15.977,17.224,15.997,14.553,16.369,13.577,14.773,13.8
"Iran, Islamic Rep.",IRN,"Unemployment, total (% of total labor force) (modeled ILO estimate)",SL.UEM.TOTL.ZS,12.275,10.595,10.68,11.166,12.618,12.232,12.195,10.74,9.687,9.282
"Iran, Islamic Rep.",IRN,"Unemployment, youth total (% of total labor force ages 15-24) (modeled ILO estimate)",SL.UEM.1524.ZS,26.894,23.872,24.972,25.962,29.087,28.208,27.502,25.948,23.712,23.752
Iraq,IRQ,"Unemployment, total (% of total labor force) (modeled ILO estimate)",SL.UEM.TOTL.ZS,7.965,9.205,10.59,10.842,10.82,13.02,13.49,14.109,15.778,16.173
Iraq,IRQ,"Unemployment, youth total (% of total labor force ages 15-24) (modeled ILO estimate)",SL.UEM.1524.ZS,16.091,17.891,19.908,21.354,22.446,25.276,27.3,29.576,34.823,35.653
Ireland,IRL,"Unemployment, total (% of total labor force) (modeled ILO estimate)",SL.UEM.TOTL.ZS,15.451,13.735,11.858,9.908,8.374,6.713,5.741,4.95,5.623,6.364
Ireland,IRL,"Unemployment, youth total (% of total labor force ages 15-24) (modeled ILO estimate)",SL.UEM.1524.ZS,30.792,26.732,23.416,20.235,16.797,14.402,13.756,12.457,15.263,15.592
Isle of Man,IMN,"Unemployment, total (% of total labor force) (modeled ILO estimate)",SL.UEM.TOTL.ZS,..,..,..,..,..,..,..,..,..,..
Isle of Man,IMN,"Unemployment, youth total (% of total labor force ages 15-24) (modeled ILO estimate)",SL.UEM.1524.ZS,..,..,..,..,..,..,..,..,..,..
Israel,ISR,"Unemployment, total (% of total labor force) (modeled ILO estimate)",SL.UEM.TOTL.ZS,6.762,6.137,5.789,5.176,4.723,4.14,3.917,3.731,4.169,4.812
Israel,ISR,"Unemployment, youth total (% of total labor force ages 15-24) (modeled ILO estimate)",SL.UEM.1524.ZS,11.99,10.4,10.43,9.202,8.514,7.151,7.025,6.525,7.645,7.649
Italy,ITA,"Unemployment, total (% of total labor force) (modeled ILO estimate)",SL.UEM.TOTL.ZS,10.655,12.149,12.683,11.896,11.688,11.211,10.61,9.951,9.164,9.497
Italy,ITA,"Unemployment, youth total (% of total labor force ages 15-24) (modeled ILO estimate)",SL.UEM.1524.ZS,35.294,40.022,42.669,40.316,37.758,34.726,32.168,29.152,29.39,29.665
Jamaica,JAM,"Unemployment, total (% of total labor force) (modeled ILO estimate)",SL.UEM.TOTL.ZS,8.695,9.698,9.046,8.825,8.634,7.399,5.47,4.987,6.501,5.188
Jamaica,JAM,"Unemployment, youth total (% of total labor force ages 15-24) (modeled ILO estimate)",SL.UEM.1524.ZS,23.401,27.228,26.348,25.777,24.661,21.686,18.064,15.96,20.087,16.837
Japan,JPN,"Unemployment, total (% of total labor force) (modeled ILO estimate)",SL.UEM.TOTL.ZS,4.358,4.038,3.589,3.385,3.132,2.822,2.467,2.351,2.809,2.828
Japan,JPN,"Unemployment, youth total (% of total labor force ages 15-24) (modeled ILO estimate)",SL.UEM.1524.ZS,8.236,6.809,6.299,5.471,5.12,4.611,3.668,3.938,4.679,4.625
Jordan,JOR,"Unemployment, total (% of total labor force) (modeled ILO estimate)",SL.UEM.TOTL.ZS,12.2,12.6,11.9,13.075,15.275,18.12,18.257,16.801,19.213,19.837
Jordan,JOR,"Unemployment, youth total (% of total labor force ages 15-24) (modeled ILO estimate)",SL.UEM.1524.ZS,28.921,29.59,27.631,30.914,35.61,35.438,38.941,37.205,42.458,43.862
Kazakhstan,KAZ,"Unemployment, total (% of total labor force) (modeled ILO estimate)",SL.UEM.TOTL.ZS,5.29,5.2,5.06,4.93,4.96,4.9,4.85,4.8,4.89,5.546
Kazakhstan,KAZ,"Unemployment, youth total (% of total labor force ages 15-24) (modeled ILO estimate)",SL.UEM.1524.ZS,3.935,3.918,3.831,3.754,3.797,3.784,3.768,3.756,3.769,4.212
Kenya,KEN,"Unemployment, total (% of total labor force) (modeled ILO estimate)",SL.UEM.TOTL.ZS,2.682,2.764,2.768,2.762,2.757,3.541,4.284,5.014,5.619,5.693
Kenya,KEN,"Unemployment, youth total (% of total labor force ages 15-24) (modeled ILO estimate)",SL.UEM.1524.ZS,6.953,7.186,7.255,7.3,7.333,9.096,10.817,12.547,13.649,12.232
Kiribati,KIR,"Unemployment, total (% of total labor force) (modeled ILO estimate)",SL.UEM.TOTL.ZS,..,..,..,..,..,..,..,..,..,..
Kiribati,KIR,"Unemployment, youth total (% of total labor force ages 15-24) (modeled ILO estimate)",SL.UEM.1524.ZS,..,..,..,..,..,..,..,..,..,..
"Korea, Dem. People's Rep.",PRK,"Unemployment, total (% of total labor force) (modeled ILO estimate)",SL.UEM.TOTL.ZS,2.916,2.928,2.883,2.896,2.931,2.846,2.757,2.782,2.948,3
"Korea, Dem. People's Rep.",PRK,"Unemployment, youth total (% of total labor force ages 15-24) (modeled ILO estimate)",SL.UEM.1524.ZS,6.6,6.67,6.635,6.757,7.04,6.854,6.693,6.56,7.418,7.055
"Korea, Rep.",KOR,"Unemployment, total (% of total labor force) (modeled ILO estimate)",SL.UEM.TOTL.ZS,2.812,2.747,3.082,3.546,3.65,3.653,3.824,3.746,3.931,3.639
"Korea, Rep.",KOR,"Unemployment, youth total (% of total labor force ages 15-24) (modeled ILO estimate)",SL.UEM.1524.ZS,7.738,7.915,8.594,9.899,10.145,9.781,10.12,9.827,10.143,8.055
Kosovo,XKX,"Unemployment, total (% of total labor force) (modeled ILO estimate)",SL.UEM.TOTL.ZS,..,..,..,..,..,..,..,..,..,..
Kosovo,XKX,"Unemployment, youth total (% of total labor force ages 15-24) (modeled ILO estimate)",SL.UEM.1524.ZS,..,..,..,..,..,..,..,..,..,..
Kuwait,KWT,"Unemployment, total (% of total labor force) (modeled ILO estimate)",SL.UEM.TOTL.ZS,2.231,2.471,2.9,2.2,2.16,2.227,2.204,2.251,3.557,3.002
Kuwait,KWT,"Unemployment, youth total (% of total labor force ages 15-24) (modeled ILO estimate)",SL.UEM.1524.ZS,12.013,13.66,15.466,16.179,15.143,15.252,15.225,15.274,19.149,17.747
Kyrgyz Republic,KGZ,"Unemployment, total (% of total labor force) (modeled ILO estimate)",SL.UEM.TOTL.ZS,3.114,3.153,3.262,3.338,3.474,3.57,3.67,4.295,4.63,4.096
Kyrgyz Republic,KGZ,"Unemployment, youth total (% of total labor force ages 15-24) (modeled ILO estimate)",SL.UEM.1524.ZS,5.807,5.894,6.214,6.448,6.757,7.031,7.217,9.082,8.468,8.293
Lao PDR,LAO,"Unemployment, total (% of total labor force) (modeled ILO estimate)",SL.UEM.TOTL.ZS,1.399,1.757,2.119,2.494,2.881,3.268,2.9,2.537,2.361,2.066
Lao PDR,LAO,"Unemployment, youth total (% of total labor force ages 15-24) (modeled ILO estimate)",SL.UEM.1524.ZS,2.708,3.303,3.908,4.524,5.149,5.779,5.128,4.471,4.261,3.315
Latvia,LVA,"Unemployment, total (% of total labor force) (modeled ILO estimate)",SL.UEM.TOTL.ZS,15.047,11.867,10.846,9.873,9.643,8.715,7.412,6.312,8.098,7.513
Latvia,LVA,"Unemployment, youth total (% of total labor force ages 15-24) (modeled ILO estimate)",SL.UEM.1524.ZS,28.564,23.237,19.595,16.316,17.271,16.971,12.192,12.415,14.868,14.785
Lebanon,LBN,"Unemployment, total (% of total labor force) (modeled ILO estimate)",SL.UEM.TOTL.ZS,7.937,8.458,8.833,9.306,9.786,10.251,10.745,11.301,13.284,12.669
Lebanon,LBN,"Unemployment, youth total (% of total labor force ages 15-24) (modeled ILO estimate)",SL.UEM.1524.ZS,18.146,19.063,19.746,20.569,21.351,22.024,22.652,23.28,27.028,25.427
Lesotho,LSO,"Unemployment, total (% of total labor force) (modeled ILO estimate)",SL.UEM.TOTL.ZS,15.813,15.97,16.104,16.254,16.17,16.401,16.625,16.876,18.399,18.23
Lesotho,LSO,"Unemployment, youth total (% of total labor force ages 15-24) (modeled ILO estimate)",SL.UEM.1524.ZS,22.98,23.345,23.682,24.034,24.084,24.505,24.901,25.318,28.298,27.25
Liberia,LBR,"Unemployment, total (% of total labor force) (modeled ILO estimate)",SL.UEM.TOTL.ZS,2.146,2.08,2.079,2.557,3.081,3.066,3.056,3.068,4.109,3.845
Liberia,LBR,"Unemployment, youth total (% of total labor force ages 15-24) (modeled ILO estimate)",SL.UEM.1524.ZS,2.365,1.954,1.554,1.923,2.305,2.3,2.297,2.301,2.931,2.841
Libya,LBY,"Unemployment, total (% of total labor force) (modeled ILO estimate)",SL.UEM.TOTL.ZS,19.03,19.327,19.308,19.676,19.522,19.02,18.836,19.05,19.613,19.641
Libya,LBY,"Unemployment, youth total (% of total labor force ages 15-24) (modeled ILO estimate)",SL.UEM.1524.ZS,49.879,50.596,50.689,51.486,51.277,50.373,50.039,50.451,53.366,51.928
Liechtenstein,LIE,"Unemployment, total (% of total labor force) (modeled ILO estimate)",SL.UEM.TOTL.ZS,..,..,..,..,..,..,..,..,..,..
Liechtenstein,LIE,"Unemployment, youth total (% of total labor force ages 15-24) (modeled ILO estimate)",SL.UEM.1524.ZS,..,..,..,..,..,..,..,..,..,..
Lithuania,LTU,"Unemployment, total (% of total labor force) (modeled ILO estimate)",SL.UEM.TOTL.ZS,13.365,11.77,10.698,9.12,7.862,7.073,6.147,6.255,8.487,7.112
Lithuania,LTU,"Unemployment, youth total (% of total labor force ages 15-24) (modeled ILO estimate)",SL.UEM.1524.ZS,26.684,21.896,19.258,16.302,14.455,13.266,11.117,11.85,19.556,14.304
Luxembourg,LUX,"Unemployment, total (% of total labor force) (modeled ILO estimate)",SL.UEM.TOTL.ZS,5.03,6.045,6.044,6.796,6.669,5.523,5.589,5.592,6.766,5.571
Luxembourg,LUX,"Unemployment, youth total (% of total labor force ages 15-24) (modeled ILO estimate)",SL.UEM.1524.ZS,16.578,16.289,24.278,17.5,21.987,15.477,14.182,16.977,23.182,18.666
"Macao SAR, China",MAC,"Unemployment, total (% of total labor force) (modeled ILO estimate)",SL.UEM.TOTL.ZS,1.97,1.82,1.67,1.81,1.939,1.987,1.834,1.749,2.566,2.229
"Macao SAR, China",MAC,"Unemployment, youth total (% of total labor force ages 15-24) (modeled ILO estimate)",SL.UEM.1524.ZS,5.479,4.128,3.883,4.339,4.98,5.086,5.106,4.678,7.694,6.299
Madagascar,MDG,"Unemployment, total (% of total labor force) (modeled ILO estimate)",SL.UEM.TOTL.ZS,0.599,0.996,1.386,1.785,1.947,2.119,2.297,2.469,3.284,3.487
Madagascar,MDG,"Unemployment, youth total (% of total labor force ages 15-24) (modeled ILO estimate)",SL.UEM.1524.ZS,1.01,1.782,2.539,3.305,3.587,3.885,4.193,4.498,5.929,6.111
Malawi,MWI,"Unemployment, total (% of total labor force) (modeled ILO estimate)",SL.UEM.TOTL.ZS,4.952,4.978,4.967,4.954,5.007,5.039,5.014,4.966,5.728,5.662
Malawi,MWI,"Unemployment, youth total (% of total labor force ages 15-24) (modeled ILO estimate)",SL.UEM.1524.ZS,6.708,6.741,6.738,6.731,6.789,6.827,6.816,6.783,7.865,7.632
Malaysia,MYS,"Unemployment, total (% of total labor force) (modeled ILO estimate)",SL.UEM.TOTL.ZS,3.1,3.16,2.88,3.1,3.44,3.41,3.3,3.26,4.54,4.64
Malaysia,MYS,"Unemployment, youth total (% of total labor force ages 15-24) (modeled ILO estimate)",SL.UEM.1524.ZS,10.337,10.135,9.769,10.978,10.835,11.276,11.394,10.974,12.366,11.582
Maldives,MDV,"Unemployment, total (% of total labor force) (modeled ILO estimate)",SL.UEM.TOTL.ZS,9.14,8.3,7.477,6.604,5.771,5.401,4.95,4.562,5.434,5.024
Maldives,MDV,"Unemployment, youth total (% of total labor force ages 15-24) (modeled ILO estimate)",SL.UEM.1524.ZS,20.77,19.579,18.33,16.747,15.05,14.58,13.98,13.497,16.109,15.428
Mali,MLI,"Unemployment, total (% of total labor force) (modeled ILO estimate)",SL.UEM.TOTL.ZS,1.482,1.516,1.474,1.401,1.367,1.494,1.62,3.29,3.528,3.966
Mali,MLI,"Unemployment, youth total (% of total labor force ages 15-24) (modeled ILO estimate)",SL.UEM.1524.ZS,2.249,2.279,2.241,2.169,2.134,2.23,2.321,4.619,6.733,4.435
Malta,MLT,"Unemployment, total (% of total labor force) (modeled ILO estimate)",SL.UEM.TOTL.ZS,6.197,6.106,5.725,5.389,4.687,4.002,3.658,3.616,4.347,3.394
Malta,MLT,"Unemployment, youth total (% of total labor force ages 15-24) (modeled ILO estimate)",SL.UEM.1524.ZS,13.825,12.71,11.677,11.653,10.696,10.57,9.049,9.302,10.872,9.406
Marshall Islands,MHL,"Unemployment, total (% of total labor force) (modeled ILO estimate)",SL.UEM.TOTL.ZS,..,..,..,..,..,..,..,..,..,..
Marshall Islands,MHL,"Unemployment, youth total (% of total labor force ages 15-24) (modeled ILO estimate)",SL.UEM.1524.ZS,..,..,..,..,..,..,..,..,..,..
Mauritania,MRT,"Unemployment, total (% of total labor force) (modeled ILO estimate)",SL.UEM.TOTL.ZS,9.864,9.929,10.028,10.108,10.283,10.336,10.407,10.416,11.054,11.144
Mauritania,MRT,"Unemployment, youth total (% of total labor force ages 15-24) (modeled ILO estimate)",SL.UEM.1524.ZS,15.087,16.204,17.362,18.509,19.819,20.967,22.191,23.372,25.601,24.903
Mauritius,MUS,"Unemployment, total (% of total labor force) (modeled ILO estimate)",SL.UEM.TOTL.ZS,7.472,7.322,7.467,7.41,6.814,6.752,6.426,6.331,8.626,7.719
Mauritius,MUS,"Unemployment, youth total (% of total labor force ages 15-24) (modeled ILO estimate)",SL.UEM.1524.ZS,23.574,22.175,24.728,25.564,22.979,24.231,24.196,22.083,24.795,24.852
Mexico,MEX,"Unemployment, total (% of total labor force) (modeled ILO estimate)",SL.UEM.TOTL.ZS,4.892,4.921,4.819,4.311,3.853,3.419,3.275,3.477,4.44,4.019
Mexico,MEX,"Unemployment, youth total (% of total labor force ages 15-24) (modeled ILO estimate)",SL.UEM.1524.ZS,9.357,9.398,9.418,8.516,7.621,6.849,6.815,7.16,8.053,7.626
"Micronesia, Fed. Sts.",FSM,"Unemployment, total (% of total labor force) (modeled ILO estimate)",SL.UEM.TOTL.ZS,..,..,..,..,..,..,..,..,..,..
"Micronesia, Fed. Sts.",FSM,"Unemployment, youth total (% of total labor force ages 15-24) (modeled ILO estimate)",SL.UEM.1524.ZS,..,..,..,..,..,..,..,..,..,..
Moldova,MDA,"Unemployment, total (% of total labor force) (modeled ILO estimate)",SL.UEM.TOTL.ZS,2.151,1.873,1.425,1.742,1.557,1.586,1.196,1.466,1.186,0.785
Moldova,MDA,"Unemployment, youth total (% of total labor force ages 15-24) (modeled ILO estimate)",SL.UEM.1524.ZS,3.444,2.936,2.287,3.251,2.995,3.894,3.166,3.131,4.015,1.777
Monaco,MCO,"Unemployment, total (% of total labor force) (modeled ILO estimate)",SL.UEM.TOTL.ZS,..,..,..,..,..,..,..,..,..,..
Monaco,MCO,"Unemployment, youth total (% of total labor force ages 15-24) (modeled ILO estimate)",SL.UEM.1524.ZS,..,..,..,..,..,..,..,..,..,..
Mongolia,MNG,"Unemployment, total (% of total labor force) (modeled ILO estimate)",SL.UEM.TOTL.ZS,3.905,4.231,4.798,4.861,7.235,6.359,5.377,9.269,6.594,7.747
Mongolia,MNG,"Unemployment, youth total (% of total labor force ages 15-24) (modeled ILO estimate)",SL.UEM.1524.ZS,8.366,10.581,11.961,12.738,20.14,17.436,16.46,21.857,15.947,17.464
Montenegro,MNE,"Unemployment, total (% of total labor force) (modeled ILO estimate)",SL.UEM.TOTL.ZS,19.808,19.585,18.054,17.555,17.732,16.082,15.19,15.128,17.878,16.543
Montenegro,MNE,"Unemployment, youth total (% of total labor force ages 15-24) (modeled ILO estimate)",SL.UEM.1524.ZS,44.038,41.825,36.008,37.722,36.061,31.846,29.61,25.305,36.216,37.399
Morocco,MAR,"Unemployment, total (% of total labor force) (modeled ILO estimate)",SL.UEM.TOTL.ZS,8.99,9.23,9.7,9.46,9.3,9.223,9.271,9.194,11.223,10.576
Morocco,MAR,"Unemployment, youth total (% of total labor force ages 15-24) (modeled ILO estimate)",SL.UEM.1524.ZS,18.642,19.162,19.97,20.825,22.265,22.176,22.427,22.47,26.88,25.092
Mozambique,MOZ,"Unemployment, total (% of total labor force) (modeled ILO estimate)",SL.UEM.TOTL.ZS,3.305,3.346,3.377,3.426,3.457,3.539,3.604,3.646,3.921,4.053
Mozambique,MOZ,"Unemployment, youth total (% of total labor force ages 15-24) (modeled ILO estimate)",SL.UEM.1524.ZS,6.928,6.986,7.027,7.097,7.158,7.305,7.428,7.512,8.329,8.247
Myanmar,MMR,"Unemployment, total (% of total labor force) (modeled ILO estimate)",SL.UEM.TOTL.ZS,0.767,0.775,0.763,0.766,1.058,1.356,0.767,0.407,1.476,4.34
Myanmar,MMR,"Unemployment, youth total (% of total labor force ages 15-24) (modeled ILO estimate)",SL.UEM.1524.ZS,1.553,1.569,1.575,1.588,2.552,3.586,1.843,1.313,4.955,12.729
Namibia,NAM,"Unemployment, total (% of total labor force) (modeled ILO estimate)",SL.UEM.TOTL.ZS,16.771,19.028,18.521,20.808,23.352,21.733,19.877,19.921,21.004,20.922
Namibia,NAM,"Unemployment, youth total (% of total labor force ages 15-24) (modeled ILO estimate)",SL.UEM.1524.ZS,34.093,40.504,38.733,41.25,44.21,41.441,37.974,38.142,41.433,40.113
Nauru,NRU,"Unemployment, total (% of total labor force) (modeled ILO estimate)",SL.UEM.TOTL.ZS,..,..,..,..,..,..,..,..,..,..
Nauru,NRU,"Unemployment, youth total (% of total labor force ages 15-24) (modeled ILO estimate)",SL.UEM.1524.ZS,..,..,..,..,..,..,..,..,..,..
Nepal,NPL,"Unemployment, total (% of total labor force) (modeled ILO estimate)",SL.UEM.TOTL.ZS,10.643,10.687,10.617,10.644,10.742,10.66,10.559,10.389,12.975,12.186
Nepal,NPL,"Unemployment, youth total (% of total labor force ages 15-24) (modeled ILO estimate)",SL.UEM.1524.ZS,19.316,19.403,19.342,19.404,19.586,19.571,19.559,19.557,24.041,22.619
Netherlands,NLD,"Unemployment, total (% of total labor force) (modeled ILO estimate)",SL.UEM.TOTL.ZS,5.821,7.241,7.419,6.872,6.007,4.837,3.832,3.379,3.82,4.209
Netherlands,NLD,"Unemployment, youth total (% of total labor force ages 15-24) (modeled ILO estimate)",SL.UEM.1524.ZS,11.457,12.943,12.529,11.103,10.639,8.715,7.044,6.604,8.875,9.331
New Caledonia,NCL,"Unemployment, total (% of total labor force) (modeled ILO estimate)",SL.UEM.TOTL.ZS,14.051,14.347,14.59,13.637,12.714,11.676,11.702,10.88,13.558,11.54
New Caledonia,NCL,"Unemployment, youth total (% of total labor force ages 15-24) (modeled ILO estimate)",SL.UEM.1524.ZS,36.636,37.485,38.207,37.624,37.138,36.413,39.948,32.409,46.146,34.272
New Zealand,NZL,"Unemployment, total (% of total labor force) (modeled ILO estimate)",SL.UEM.TOTL.ZS,6.931,5.839,5.428,5.415,5.147,4.736,4.335,4.109,4.595,3.776
New Zealand,NZL,"Unemployment, youth total (% of total labor force ages 15-24) (modeled ILO estimate)",SL.UEM.1524.ZS,18.003,15.302,14.109,13.872,13.474,12.968,11.83,11.294,12.442,10.49
Nicaragua,NIC,"Unemployment, total (% of total labor force) (modeled ILO estimate)",SL.UEM.TOTL.ZS,5.208,5.28,4.52,4.7,3.9,3.3,5.2,5.472,6.201,6.118
Nicaragua,NIC,"Unemployment, youth total (% of total labor force ages 15-24) (modeled ILO estimate)",SL.UEM.1524.ZS,8.142,9.009,8.437,8.792,7.338,6.252,9.703,10.061,11.467,11.126
Niger,NER,"Unemployment, total (% of total labor force) (modeled ILO estimate)",SL.UEM.TOTL.ZS,2.177,1.397,0.524,0.553,0.548,0.554,0.535,0.531,0.594,0.78
Niger,NER,"Unemployment, youth total (% of total labor force ages 15-24) (modeled ILO estimate)",SL.UEM.1524.ZS,3.854,2.325,0.674,0.703,0.716,0.733,0.738,0.75,0.762,0.722
Nigeria,NGA,"Unemployment, total (% of total labor force) (modeled ILO estimate)",SL.UEM.TOTL.ZS,3.76,3.711,3.902,4.135,4.499,4.828,5.067,5.206,5.742,5.45
Nigeria,NGA,"Unemployment, youth total (% of total labor force ages 15-24) (modeled ILO estimate)",SL.UEM.1524.ZS,8.136,7.984,8.349,8.751,9.318,9.835,10.208,10.423,10.851,9.049
North Macedonia,MKD,"Unemployment, total (% of total labor force) (modeled ILO estimate)",SL.UEM.TOTL.ZS,31.096,29.017,28.215,26.395,24.312,22.857,21.208,17.414,16.575,15.801
North Macedonia,MKD,"Unemployment, youth total (% of total labor force ages 15-24) (modeled ILO estimate)",SL.UEM.1524.ZS,53.713,51.588,53.073,47.478,48.48,46.759,45.495,35.353,35.622,36.097
Northern Mariana Islands,MNP,"Unemployment, total (% of total labor force) (modeled ILO estimate)",SL.UEM.TOTL.ZS,..,..,..,..,..,..,..,..,..,..
Northern Mariana Islands,MNP,"Unemployment, youth total (% of total labor force ages 15-24) (modeled ILO estimate)",SL.UEM.1524.ZS,..,..,..,..,..,..,..,..,..,..
Norway,NOR,"Unemployment, total (% of total labor force) (modeled ILO estimate)",SL.UEM.TOTL.ZS,3.129,3.425,3.486,4.296,4.68,4.164,3.801,3.684,4.424,4.359
Norway,NOR,"Unemployment, youth total (% of total labor force ages 15-24) (modeled ILO estimate)",SL.UEM.1524.ZS,8.346,9.003,7.761,9.779,11.021,10.243,9.562,9.782,11.188,12.835
Oman,OMN,"Unemployment, total (% of total labor force) (modeled ILO estimate)",SL.UEM.TOTL.ZS,3.765,3.547,3.449,3.401,3.266,2.522,1.8,2.04,2.94,1.9
Oman,OMN,"Unemployment, youth total (% of total labor force ages 15-24) (modeled ILO estimate)",SL.UEM.1524.ZS,15.693,15.417,15.297,15.135,14.196,11.056,7.851,8.985,13.51,9.09
Pakistan,PAK,"Unemployment, total (% of total labor force) (modeled ILO estimate)",SL.UEM.TOTL.ZS,3.667,2.954,1.827,3.566,2.285,3.215,4.083,4.83,6.127,6.338
Pakistan,PAK,"Unemployment, youth total (% of total labor force ages 15-24) (modeled ILO estimate)",SL.UEM.1524.ZS,7.556,5.98,4.052,6.682,5.165,6.523,7.864,9.598,10.837,11.053
Palau,PLW,"Unemployment, total (% of total labor force) (modeled ILO estimate)",SL.UEM.TOTL.ZS,..,..,..,..,..,..,..,..,..,..
Palau,PLW,"Unemployment, youth total (% of total labor force ages 15-24) (modeled ILO estimate)",SL.UEM.1524.ZS,..,..,..,..,..,..,..,..,..,..
Panama,PAN,"Unemployment, total (% of total labor force) (modeled ILO estimate)",SL.UEM.TOTL.ZS,3.691,3.674,4.391,4.335,4.717,5.338,5.161,6.256,14.663,10.177
Panama,PAN,"Unemployment, youth total (% of total labor force ages 15-24) (modeled ILO estimate)",SL.UEM.1524.ZS,9.583,9.896,11.523,11.675,12.295,14.817,14.1,17.128,33.033,22.338
Papua New Guinea,PNG,"Unemployment, total (% of total labor force) (modeled ILO estimate)",SL.UEM.TOTL.ZS,2.631,2.692,2.536,2.503,2.472,2.569,2.635,2.634,2.883,3.003
Papua New Guinea,PNG,"Unemployment, youth total (% of total labor force ages 15-24) (modeled ILO estimate)",SL.UEM.1524.ZS,4.493,4.494,4.322,4.242,4.161,4.174,4.148,4.078,4.541,4.292
Paraguay,PRY,"Unemployment, total (% of total labor force) (modeled ILO estimate)",SL.UEM.TOTL.ZS,4.085,4.385,5.034,4.556,5.255,6.138,6.217,6.595,7.548,7.311
Paraguay,PRY,"Unemployment, youth total (% of total labor force ages 15-24) (modeled ILO estimate)",SL.UEM.1524.ZS,10.045,9.497,11.097,10.922,11.529,14.28,14.52,15.3,17.152,16.203
Peru,PER,"Unemployment, total (% of total labor force) (modeled ILO estimate)",SL.UEM.TOTL.ZS,3.238,3.575,3.208,3.272,3.741,3.691,3.492,3.379,7.179,5.097
Peru,PER,"Unemployment, youth total (% of total labor force ages 15-24) (modeled ILO estimate)",SL.UEM.1524.ZS,6.848,7.008,7.55,6.877,8.272,8.319,8.342,7.405,12.659,9.586
Philippines,PHL,"Unemployment, total (% of total labor force) (modeled ILO estimate)",SL.UEM.TOTL.ZS,3.504,3.497,3.6,3.068,2.695,2.552,2.338,2.237,2.522,3.398
Philippines,PHL,"Unemployment, youth total (% of total labor force ages 15-24) (modeled ILO estimate)",SL.UEM.1524.ZS,9.361,9.165,9.465,8.509,7.634,7.379,6.605,6.696,6.987,8.434
Poland,POL,"Unemployment, total (% of total labor force) (modeled ILO estimate)",SL.UEM.TOTL.ZS,10.031,10.293,8.971,7.475,6.141,4.867,3.835,3.267,3.155,3.268
Poland,POL,"Unemployment, youth total (% of total labor force ages 15-24) (modeled ILO estimate)",SL.UEM.1524.ZS,26.312,27.156,23.73,20.684,17.589,14.763,11.682,9.832,10.831,11.808
Portugal,PRT,"Unemployment, total (% of total labor force) (modeled ILO estimate)",SL.UEM.TOTL.ZS,15.531,16.188,13.897,12.447,11.068,8.869,6.994,6.464,6.801,6.577
Portugal,PRT,"Unemployment, youth total (% of total labor force ages 15-24) (modeled ILO estimate)",SL.UEM.1524.ZS,37.917,38.086,34.754,31.947,27.95,23.869,20.305,18.279,22.494,23.474
Puerto Rico (US),PRI,"Unemployment, total (% of total labor force) (modeled ILO estimate)",SL.UEM.TOTL.ZS,14.5,14.3,13.9,12,11.8,10.8,9.2,8.3,8.89,7.9
Puerto Rico (US),PRI,"Unemployment, youth total (% of total labor force ages 15-24) (modeled ILO estimate)",SL.UEM.1524.ZS,31.638,31.354,30.596,26.508,26.134,23.99,20.455,18.547,19.578,17.055
Qatar,QAT,"Unemployment, total (% of total labor force) (modeled ILO estimate)",SL.UEM.TOTL.ZS,0.48,0.28,0.2,0.17,0.15,0.14,0.11,0.1,0.14,0.14
Qatar,QAT,"Unemployment, youth total (% of total labor force ages 15-24) (modeled ILO estimate)",SL.UEM.1524.ZS,1.475,1.109,0.737,0.569,0.482,0.505,0.309,0.295,0.48,0.693
Romania,ROU,"Unemployment, total (% of total labor force) (modeled ILO estimate)",SL.UEM.TOTL.ZS,6.794,7.096,6.802,6.812,5.901,4.927,4.187,3.912,5.035,5.59
Romania,ROU,"Unemployment, youth total (% of total labor force ages 15-24) (modeled ILO estimate)",SL.UEM.1524.ZS,22.818,24.029,24.374,22.038,21.03,18.732,16.612,17.147,17.586,21.149
Russian Federation,RUS,"Unemployment, total (% of total labor force) (modeled ILO estimate)",SL.UEM.TOTL.ZS,5.484,5.513,5.212,5.615,5.591,5.238,4.871,4.513,5.62,4.749
Russian Federation,RUS,"Unemployment, youth total (% of total labor force ages 15-24) (modeled ILO estimate)",SL.UEM.1524.ZS,14.983,14.215,14.062,16.403,16.696,16.338,17.007,15.223,17.001,16.157
Rwanda,RWA,"Unemployment, total (% of total labor force) (modeled ILO estimate)",SL.UEM.TOTL.ZS,11.701,11.785,11.844,11.838,11.801,11.875,10.759,11.236,11.829,15.775
Rwanda,RWA,"Unemployment, youth total (% of total labor force ages 15-24) (modeled ILO estimate)",SL.UEM.1524.ZS,16.284,16.438,16.561,16.606,16.609,16.732,16.264,16.052,15.947,23.312
Samoa,WSM,"Unemployment, total (% of total labor force) (modeled ILO estimate)",SL.UEM.TOTL.ZS,8.752,8.773,8.72,8.9,9.062,9.4,8.639,7.838,7.435,6.612
Samoa,WSM,"Unemployment, youth total (% of total labor force ages 15-24) (modeled ILO estimate)",SL.UEM.1524.ZS,17.494,17.56,17.529,18.061,18.604,19.382,18.413,17.407,17.747,15.931
San Marino,SMR,"Unemployment, total (% of total labor force) (modeled ILO estimate)",SL.UEM.TOTL.ZS,..,..,..,..,..,..,..,..,..,..
San Marino,SMR,"Unemployment, youth total (% of total labor force ages 15-24) (modeled ILO estimate)",SL.UEM.1524.ZS,..,..,..,..,..,..,..,..,..,..
Sao Tome and Principe,STP,"Unemployment, total (% of total labor force) (modeled ILO estimate)",SL.UEM.TOTL.ZS,13.59,12.48,11.435,10.594,9.686,8.808,8.714,8.831,9.686,9.6
Sao Tome and Principe,STP,"Unemployment, youth total (% of total labor force ages 15-24) (modeled ILO estimate)",SL.UEM.1524.ZS,19.396,17.102,14.86,12.8,10.612,8.388,8.313,8.4,9.446,9.144
Saudi Arabia,SAU,"Unemployment, total (% of total labor force) (modeled ILO estimate)",SL.UEM.TOTL.ZS,5.622,5.6,5.877,5.6,5.6,5.89,6.029,5.636,7.66,6.621
Saudi Arabia,SAU,"Unemployment, youth total (% of total labor force ages 15-24) (modeled ILO estimate)",SL.UEM.1524.ZS,24.843,26.946,28.603,28.156,24.275,31.504,30.213,25.476,29.627,19.772
Senegal,SEN,"Unemployment, total (% of total labor force) (modeled ILO estimate)",SL.UEM.TOTL.ZS,3.888,4.986,5.841,6.757,4.455,4.078,3.455,2.863,3.437,3.44
Senegal,SEN,"Unemployment, youth total (% of total labor force ages 15-24) (modeled ILO estimate)",SL.UEM.1524.ZS,4.284,5.636,6.819,8.045,6.374,5.836,4.922,4.037,4.871,4.72
Serbia,SRB,"Unemployment, total (% of total labor force) (modeled ILO estimate)",SL.UEM.TOTL.ZS,24,22.154,19.223,17.66,15.257,13.477,12.733,10.395,9.011,9.843
Serbia,SRB,"Unemployment, youth total (% of total labor force ages 15-24) (modeled ILO estimate)",SL.UEM.1524.ZS,51.244,49.464,47.632,43.23,34.962,31.905,29.696,27.495,26.608,24.471
Seychelles,SYC,"Unemployment, total (% of total labor force) (modeled ILO estimate)",SL.UEM.TOTL.ZS,..,..,..,..,..,..,..,..,..,..
Seychelles,SYC,"Unemployment, youth total (% of total labor force ages 15-24) (modeled ILO estimate)",SL.UEM.1524.ZS,..,..,..,..,..,..,..,..,..,..
Sierra Leone,SLE,"Unemployment, total (% of total labor force) (modeled ILO estimate)",SL.UEM.TOTL.ZS,4.552,4.538,4.678,4.606,4.294,3.834,3.192,3.203,3.508,3.556
Sierra Leone,SLE,"Unemployment, youth total (% of total labor force ages 15-24) (modeled ILO estimate)",SL.UEM.1524.ZS,8.681,8.958,9.442,8.303,6.853,5.266,3.573,3.582,4.1,3.927
Singapore,SGP,"Unemployment, total (% of total labor force) (modeled ILO estimate)",SL.UEM.TOTL.ZS,3.72,3.86,3.74,3.79,4.08,4.2,3.613,3.1,4.1,4.64
Singapore,SGP,"Unemployment, youth total (% of total labor force ages 15-24) (modeled ILO estimate)",SL.UEM.1524.ZS,8.529,8.903,8.378,8.894,8.723,9.339,8.437,7.63,10.557,9.499
Sint Maarten (Dutch part),SXM,"Unemployment, total (% of total labor force) (modeled ILO estimate)",SL.UEM.TOTL.ZS,..,..,..,..,..,..,..,..,..,..
Sint Maarten (Dutch part),SXM,"Unemployment, youth total (% of total labor force ages 15-24) (modeled ILO estimate)",SL.UEM.1524.ZS,..,..,..,..,..,..,..,..,..,..
Slovak Republic,SVK,"Unemployment, total (% of total labor force) (modeled ILO estimate)",SL.UEM.TOTL.ZS,13.966,14.226,11.536,11.492,9.679,8.142,6.544,5.761,6.719,6.894
Slovak Republic,SVK,"Unemployment, youth total (% of total labor force ages 15-24) (modeled ILO estimate)",SL.UEM.1524.ZS,34.102,33.711,26.745,26.571,22.274,18.962,14.971,16.12,19.438,21.211
Slovenia,SVN,"Unemployment, total (% of total labor force) (modeled ILO estimate)",SL.UEM.TOTL.ZS,8.841,10.103,9.668,8.962,8,6.564,5.108,4.446,4.971,4.744
Slovenia,SVN,"Unemployment, youth total (% of total labor force ages 15-24) (modeled ILO estimate)",SL.UEM.1524.ZS,20.649,21.665,20.236,16.299,15.243,11.24,8.817,8.136,14.179,12.846
Solomon Islands,SLB,"Unemployment, total (% of total labor force) (modeled ILO estimate)",SL.UEM.TOTL.ZS,0.984,0.694,0.729,0.735,0.734,0.725,0.72,0.743,0.864,0.884
Solomon Islands,SLB,"Unemployment, youth total (% of total labor force ages 15-24) (modeled ILO estimate)",SL.UEM.1524.ZS,1.815,1.274,1.295,1.298,1.298,1.293,1.289,1.301,1.499,1.396
Somalia,SOM,"Unemployment, total (% of total labor force) (modeled ILO estimate)",SL.UEM.TOTL.ZS,19.105,19.013,18.861,18.597,18.578,18.523,18.738,18.828,19.413,19.662
Somalia,SOM,"Unemployment, youth total (% of total labor force ages 15-24) (modeled ILO estimate)",SL.UEM.1524.ZS,34.336,34.201,33.953,33.508,33.415,33.302,33.658,33.844,35.978,35.341
South Africa,ZAF,"Unemployment, total (% of total labor force) (modeled ILO estimate)",SL.UEM.TOTL.ZS,24.727,24.561,24.89,25.149,26.536,27.035,26.906,28.468,29.217,34.007
South Africa,ZAF,"Unemployment, youth total (% of total labor force ages 15-24) (modeled ILO estimate)",SL.UEM.1524.ZS,50.549,50.482,50.648,49.447,52.631,52.625,52.938,56.628,58.588,64.652
South Sudan,SSD,"Unemployment, total (% of total labor force) (modeled ILO estimate)",SL.UEM.TOTL.ZS,12.896,12.727,12.602,12.485,12.955,13.111,12.952,12.709,14.319,14.029
South Sudan,SSD,"Unemployment, youth total (% of total labor force ages 15-24) (modeled ILO estimate)",SL.UEM.1524.ZS,20.029,19.817,19.631,19.447,19.976,20.01,19.679,19.331,21.984,20.942
Spain,ESP,"Unemployment, total (% of total labor force) (modeled ILO estimate)",SL.UEM.TOTL.ZS,24.789,26.094,24.441,22.057,19.635,17.224,15.255,14.104,15.532,14.781
Spain,ESP,"Unemployment, youth total (% of total labor force ages 15-24) (modeled ILO estimate)",SL.UEM.1524.ZS,52.829,55.444,53.169,48.353,44.445,38.594,34.362,32.555,38.312,34.844
Sri Lanka,LKA,"Unemployment, total (% of total labor force) (modeled ILO estimate)",SL.UEM.TOTL.ZS,3.88,4.186,4.157,4.519,4.242,4.046,4.318,4.67,5.364,4.981
Sri Lanka,LKA,"Unemployment, youth total (% of total labor force ages 15-24) (modeled ILO estimate)",SL.UEM.1524.ZS,16.795,17.939,18.781,19.232,20.07,17.391,20.496,20.425,25.449,25.371
St. Kitts and Nevis,KNA,"Unemployment, total (% of total labor force) (modeled ILO estimate)",SL.UEM.TOTL.ZS,..,..,..,..,..,..,..,..,..,..
St. Kitts and Nevis,KNA,"Unemployment, youth total (% of total labor force ages 15-24) (modeled ILO estimate)",SL.UEM.1524.ZS,..,..,..,..,..,..,..,..,..,..
St. Lucia,LCA,"Unemployment, total (% of total labor force) (modeled ILO estimate)",SL.UEM.TOTL.ZS,19.06,22.21,21.597,20.858,19.933,19.136,19.329,15.613,25.224,20.514
St. Lucia,LCA,"Unemployment, youth total (% of total labor force ages 15-24) (modeled ILO estimate)",SL.UEM.1524.ZS,40.81,48.462,47.865,47.011,45.874,44.995,41.614,35.883,51.641,45.013
St. Martin (French part),MAF,"Unemployment, total (% of total labor force) (modeled ILO estimate)",SL.UEM.TOTL.ZS,..,..,..,..,..,..,..,..,..,..
St. Martin (French part),MAF,"Unemployment, youth total (% of total labor force ages 15-24) (modeled ILO estimate)",SL.UEM.1524.ZS,..,..,..,..,..,..,..,..,..,..
St. Vincent and the Grenadines,VCT,"Unemployment, total (% of total labor force) (modeled ILO estimate)",SL.UEM.TOTL.ZS,19.867,19.367,19.249,19.141,19.028,19.006,18.984,19.235,20.636,20.341
St. Vincent and the Grenadines,VCT,"Unemployment, youth total (% of total labor force ages 15-24) (modeled ILO estimate)",SL.UEM.1524.ZS,42.006,41.387,41.38,41.41,41.483,41.739,42.069,42.887,47.275,45.547
Sudan,SDN,"Unemployment, total (% of total labor force) (modeled ILO estimate)",SL.UEM.TOTL.ZS,17.002,16.3,15.411,14.347,13.606,12.953,12.303,11.658,11.958,11.044
Sudan,SDN,"Unemployment, youth total (% of total labor force ages 15-24) (modeled ILO estimate)",SL.UEM.1524.ZS,30.904,29.236,27.34,25.233,23.632,22.225,20.843,19.435,19.904,17.476
Suriname,SUR,"Unemployment, total (% of total labor force) (modeled ILO estimate)",SL.UEM.TOTL.ZS,8.1,6.6,6.94,7.22,7.917,7.888,7.693,7.556,8.76,8.491
Suriname,SUR,"Unemployment, youth total (% of total labor force ages 15-24) (modeled ILO estimate)",SL.UEM.1524.ZS,19.595,19.334,15.603,13.027,24.958,24.871,24.482,24.164,28.397,27.035
Sweden,SWE,"Unemployment, total (% of total labor force) (modeled ILO estimate)",SL.UEM.TOTL.ZS,7.976,8.052,7.954,7.432,6.99,6.718,6.365,6.833,8.291,8.722
Sweden,SWE,"Unemployment, youth total (% of total labor force ages 15-24) (modeled ILO estimate)",SL.UEM.1524.ZS,23.609,23.519,22.822,20.365,18.896,17.875,17.4,20.094,23.895,24.599
Switzerland,CHE,"Unemployment, total (% of total labor force) (modeled ILO estimate)",SL.UEM.TOTL.ZS,4.491,4.747,4.826,4.801,4.918,4.797,4.713,4.394,4.817,5.013
Switzerland,CHE,"Unemployment, youth total (% of total labor force ages 15-24) (modeled ILO estimate)",SL.UEM.1524.ZS,8.327,8.743,8.597,8.815,8.579,8.059,7.937,7.993,8.603,8.319
Syrian Arab Republic,SYR,"Unemployment, total (% of total labor force) (modeled ILO estimate)",SL.UEM.TOTL.ZS,13.8,14.5,14.783,14.243,13.795,13.597,13.497,13.36,15.191,14.877
Syrian Arab Republic,SYR,"Unemployment, youth total (% of total labor force ages 15-24) (modeled ILO estimate)",SL.UEM.1524.ZS,33.796,35.427,35.908,34.715,33.551,32.825,32.379,32.07,36.166,34.579
Tajikistan,TJK,"Unemployment, total (% of total labor force) (modeled ILO estimate)",SL.UEM.TOTL.ZS,11.444,11.417,11.439,11.485,11.5,11.487,11.437,11.419,12.321,12.333
Tajikistan,TJK,"Unemployment, youth total (% of total labor force ages 15-24) (modeled ILO estimate)",SL.UEM.1524.ZS,24.799,24.887,25.035,25.212,25.328,25.47,25.575,25.748,29.031,27.78
Tanzania,TZA,"Unemployment, total (% of total labor force) (modeled ILO estimate)",SL.UEM.TOTL.ZS,3.222,2.93,2.125,2.159,2.23,2.303,2.393,2.496,2.781,2.821
Tanzania,TZA,"Unemployment, youth total (% of total labor force ages 15-24) (modeled ILO estimate)",SL.UEM.1524.ZS,6.259,5.689,3.693,3.602,3.554,3.503,3.463,3.428,3.805,3.726
Thailand,THA,"Unemployment, total (% of total labor force) (modeled ILO estimate)",SL.UEM.TOTL.ZS,0.58,0.249,0.576,0.597,0.688,0.83,0.765,0.716,1.099,1.215
Thailand,THA,"Unemployment, youth total (% of total labor force ages 15-24) (modeled ILO estimate)",SL.UEM.1524.ZS,2.758,1.231,3.113,3.094,3.714,4.373,4.011,4.19,5.199,5.858
Timor-Leste,TLS,"Unemployment, total (% of total labor force) (modeled ILO estimate)",SL.UEM.TOTL.ZS,3.468,3.564,3.618,3.678,4.657,4.248,3.778,3.097,2.782,2.344
Timor-Leste,TLS,"Unemployment, youth total (% of total labor force ages 15-24) (modeled ILO estimate)",SL.UEM.1524.ZS,9.178,9.059,8.83,8.563,13.065,11.474,9.786,7.859,6.743,4.8
Togo,TGO,"Unemployment, total (% of total labor force) (modeled ILO estimate)",SL.UEM.TOTL.ZS,2.03,2.085,2.142,2.204,2.968,3.744,2.898,2.036,2.225,2.333
Togo,TGO,"Unemployment, youth total (% of total labor force ages 15-24) (modeled ILO estimate)",SL.UEM.1524.ZS,3.415,3.699,3.997,4.315,6.814,9.282,6.231,3.076,3.727,3.816
Tonga,TON,"Unemployment, total (% of total labor force) (modeled ILO estimate)",SL.UEM.TOTL.ZS,1.643,1.754,1.92,2.024,2.046,2.131,2.248,2.157,2.699,2.111
Tonga,TON,"Unemployment, youth total (% of total labor force ages 15-24) (modeled ILO estimate)",SL.UEM.1524.ZS,4.722,5.066,5.514,5.84,6.007,6.308,6.679,6.437,7.937,6.299
Trinidad and Tobago,TTO,"Unemployment, total (% of total labor force) (modeled ILO estimate)",SL.UEM.TOTL.ZS,3.718,2.683,2.477,2.428,3.207,3.394,3.498,3.523,4.206,4.446
Trinidad and Tobago,TTO,"Unemployment, youth total (% of total labor force ages 15-24) (modeled ILO estimate)",SL.UEM.1524.ZS,8.608,6.275,5.882,5.869,8.719,9.035,9.164,9.17,11.81,13.145
Tunisia,TUN,"Unemployment, total (% of total labor force) (modeled ILO estimate)",SL.UEM.TOTL.ZS,17.63,15.934,14.259,15.159,15.557,15.33,15.459,17.153,17.656,16.611
Tunisia,TUN,"Unemployment, youth total (% of total labor force ages 15-24) (modeled ILO estimate)",SL.UEM.1524.ZS,38.444,34.828,36.912,34.967,35.119,35.315,34.876,37.867,41.231,39.194
Turkiye,TUR,"Unemployment, total (% of total labor force) (modeled ILO estimate)",SL.UEM.TOTL.ZS,9.21,9.713,9.901,10.304,10.899,10.919,10.956,13.73,13.148,11.969
Turkiye,TUR,"Unemployment, youth total (% of total labor force ages 15-24) (modeled ILO estimate)",SL.UEM.1524.ZS,17.342,18.442,17.698,18.299,19.369,20.469,20.011,25.039,24.919,22.36
Turkmenistan,TKM,"Unemployment, total (% of total labor force) (modeled ILO estimate)",SL.UEM.TOTL.ZS,3.986,3.983,4,4.016,4.031,4.044,4.044,4.043,4.501,4.459
Turkmenistan,TKM,"Unemployment, youth total (% of total labor force ages 15-24) (modeled ILO estimate)",SL.UEM.1524.ZS,8.827,8.848,8.988,8.833,8.714,8.459,8.346,8.339,10.038,10.086
Turks and Caicos Islands,TCA,"Unemployment, total (% of total labor force) (modeled ILO estimate)",SL.UEM.TOTL.ZS,..,..,..,..,..,..,..,..,..,..
Turks and Caicos Islands,TCA,"Unemployment, youth total (% of total labor force ages 15-24) (modeled ILO estimate)",SL.UEM.1524.ZS,..,..,..,..,..,..,..,..,..,..
Tuvalu,TUV,"Unemployment, total (% of total labor force) (modeled ILO estimate)",SL.UEM.TOTL.ZS,..,..,..,..,..,..,..,..,..,..
Tuvalu,TUV,"Unemployment, youth total (% of total labor force ages 15-24) (modeled ILO estimate)",SL.UEM.1524.ZS,..,..,..,..,..,..,..,..,..,..
Uganda,UGA,"Unemployment, total (% of total labor force) (modeled ILO estimate)",SL.UEM.TOTL.ZS,3.551,1.91,2.348,2.679,3.008,3.428,3.25,3.06,3.831,3.422
Uganda,UGA,"Unemployment, youth total (% of total labor force ages 15-24) (modeled ILO estimate)",SL.UEM.1524.ZS,5.096,2.593,3.317,3.877,4.433,5.081,4.897,4.689,5.721,5.044
Ukraine,UKR,"Unemployment, total (% of total labor force) (modeled ILO estimate)",SL.UEM.TOTL.ZS,7.529,7.17,9.27,9.14,9.35,9.5,8.799,8.194,9.475,9.834
Ukraine,UKR,"Unemployment, youth total (% of total labor force ages 15-24) (modeled ILO estimate)",SL.UEM.1524.ZS,17.815,17.643,23.573,22.611,23.139,18.963,17.965,15.484,19.355,19.145
United Arab Emirates,ARE,"Unemployment, total (% of total labor force) (modeled ILO estimate)",SL.UEM.TOTL.ZS,2.327,2.126,2.002,1.793,1.64,2.462,2.236,2.331,4.294,3.105
United Arab Emirates,ARE,"Unemployment, youth total (% of total labor force ages 15-24) (modeled ILO estimate)",SL.UEM.1524.ZS,6.468,6.118,5.825,5.447,5.11,7.474,6.747,7.325,13.482,9.737
United Kingdom,GBR,"Unemployment, total (% of total labor force) (modeled ILO estimate)",SL.UEM.TOTL.ZS,8.25,7.704,6.363,5.517,4.867,4.452,4.12,3.613,4.472,4.826
United Kingdom,GBR,"Unemployment, youth total (% of total labor force ages 15-24) (modeled ILO estimate)",SL.UEM.1524.ZS,22.046,20.822,17.411,15.046,13.033,12.336,11.555,10.529,13.371,12.715
United States,USA,"Unemployment, total (% of total labor force) (modeled ILO estimate)",SL.UEM.TOTL.ZS,8.069,7.375,6.168,5.28,4.869,4.355,3.896,3.669,8.055,5.349
United States,USA,"Unemployment, youth total (% of total labor force ages 15-24) (modeled ILO estimate)",SL.UEM.1524.ZS,16.211,15.558,13.411,11.634,10.432,9.238,8.607,8.375,14.891,9.704
Uruguay,URY,"Unemployment, total (% of total labor force) (modeled ILO estimate)",SL.UEM.TOTL.ZS,6.451,6.444,6.547,7.488,7.841,7.89,8.336,8.836,10.413,9.328
Uruguay,URY,"Unemployment, youth total (% of total labor force ages 15-24) (modeled ILO estimate)",SL.UEM.1524.ZS,18.566,19.302,19.422,22.875,24.149,25.251,26.538,28.46,34.209,31.806
Uzbekistan,UZB,"Unemployment, total (% of total labor force) (modeled ILO estimate)",SL.UEM.TOTL.ZS,4.87,4.86,5.09,5.15,5.16,5.83,5.389,4.932,5.293,5.364
Uzbekistan,UZB,"Unemployment, youth total (% of total labor force ages 15-24) (modeled ILO estimate)",SL.UEM.1524.ZS,10.787,10.846,11.478,11.564,11.567,12.943,12.101,11.245,12.838,13.042
Vanuatu,VUT,"Unemployment, total (% of total labor force) (modeled ILO estimate)",SL.UEM.TOTL.ZS,4.951,5.058,5.15,5.254,5.261,5.287,5.326,5.444,4.046,4.766
Vanuatu,VUT,"Unemployment, youth total (% of total labor force ages 15-24) (modeled ILO estimate)",SL.UEM.1524.ZS,10.146,10.497,10.836,11.202,11.422,11.676,11.947,12.336,9.696,10.905
"Venezuela, RB",VEN,"Unemployment, total (% of total labor force) (modeled ILO estimate)",SL.UEM.TOTL.ZS,6.601,7.54,6.821,6.137,5.319,5.045,5.46,5.876,7.53,7.037
"Venezuela, RB",VEN,"Unemployment, youth total (% of total labor force ages 15-24) (modeled ILO estimate)",SL.UEM.1524.ZS,14.089,16.224,14.766,13.331,11.677,12.259,12.03,11.754,13.628,12.983
Viet Nam,VNM,"Unemployment, total (% of total labor force) (modeled ILO estimate)",SL.UEM.TOTL.ZS,1.027,1.316,1.256,1.848,1.848,1.874,1.161,1.681,2.103,2.385
Viet Nam,VNM,"Unemployment, youth total (% of total labor force ages 15-24) (modeled ILO estimate)",SL.UEM.1524.ZS,3.63,4.559,4.666,6.267,6.763,7.124,4.648,5.624,6.546,6.907
Virgin Islands (U.S.),VIR,"Unemployment, total (% of total labor force) (modeled ILO estimate)",SL.UEM.TOTL.ZS,12.109,12.55,12.64,12.422,12.515,12.217,12.407,12.551,15.191,14.273
Virgin Islands (U.S.),VIR,"Unemployment, youth total (% of total labor force ages 15-24) (modeled ILO estimate)",SL.UEM.1524.ZS,26.207,27.548,27.705,26.802,28.187,27.444,27.536,27.923,35.848,32.328
West Bank and Gaza,PSE,"Unemployment, total (% of total labor force) (modeled ILO estimate)",SL.UEM.TOTL.ZS,19.202,19.894,20.526,23.005,23.939,25.677,26.256,25.34,25.895,26.39
West Bank and Gaza,PSE,"Unemployment, youth total (% of total labor force ages 15-24) (modeled ILO estimate)",SL.UEM.1524.ZS,34.644,37.137,36.33,37.215,38.507,41.867,42.224,40.151,42.053,41.63
"Yemen, Rep.",YEM,"Unemployment, total (% of total labor force) (modeled ILO estimate)",SL.UEM.TOTL.ZS,13.473,13.673,13.467,17.9,18.416,18.603,17.584,17.202,17.953,18.287
"Yemen, Rep.",YEM,"Unemployment, youth total (% of total labor force ages 15-24) (modeled ILO estimate)",SL.UEM.1524.ZS,23.829,24.558,24.761,32.695,33.508,33.901,32.737,32.373,34.625,34.13
Zambia,ZMB,"Unemployment, total (% of total labor force) (modeled ILO estimate)",SL.UEM.TOTL.ZS,7.85,7.264,6.571,5.942,5.239,4.529,5.033,5.542,6.033,5.199
Zambia,ZMB,"Unemployment, youth total (% of total labor force ages 15-24) (modeled ILO estimate)",SL.UEM.1524.ZS,17.154,15.689,13.988,12.344,10.495,8.514,8.747,10.353,11.042,9.367
Zimbabwe,ZWE,"Unemployment, total (% of total labor force) (modeled ILO estimate)",SL.UEM.TOTL.ZS,5.061,4.943,4.774,5.377,5.886,6.344,6.793,7.373,8.621,9.54
Zimbabwe,ZWE,"Unemployment, youth total (% of total labor force ages 15-24) (modeled ILO estimate)",SL.UEM.1524.ZS,8.172,7.599,6.944,7.991,8.938,9.827,10.699,11.718,14.258,15.208
,,,,,,,,,,,,,
,,,,,,,,,,,,,
,,,,,,,,,,,,,
Data from database: World Development Indicators,,,,,,,,,,,,,
Last Updated: 07/01/2025,,,,,,,,,,,,,
